[
    {
        "categorie": "Vol",
        "values": [
            {
                "value": 0,
                "rate": "Not at all"
            },
            {
                "value": 4,
                "rate": "Not very much"
            },
            {
                "value": 12,
                "rate": "Medium"
            },
            {
                "value": 6,
                "rate": "Very much"
            },
            {
                "value": 0,
                "rate": "Tremendously"
            }
        ]
    },
    {
        "categorie": "Liberal Profession",
        "values": [
            {
                "value": 1,
                "rate": "Not at all"
            },
            {
                "value": 21,
                "rate": "Not very much"
            },
            {
                "value": 13,
                "rate": "Medium"
            },
            {
                "value": 18,
                "rate": "Very much"
            },
            {
                "value": 6,
                "rate": "Tremendously"
            }
        ]
    },
    {
        "categorie": "Salaried Staff",
        "values": [
            {
                "value": 3,
                "rate": "Not at all"
            },
            {
                "value": 22,
                "rate": "Not very much"
            },
            {
                "value": 6,
                "rate": "Medium"
            },
            {
                "value": 15,
                "rate": "Very much"
            },
            {
                "value": 3,
                "rate": "Tremendously"
            }
        ]
    },
    {
        "categorie": "Employee",
        "values": [
            {
                "value": 12,
                "rate": "Not at all"
            },
            {
                "value": 7,
                "rate": "Not very much"
            },
            {
                "value": 18,
                "rate": "Medium"
            },
            {
                "value": 13,
                "rate": "Very much"
            },
            {
                "value": 6,
                "rate": "Tremendously"
            }
        ]
    },
    {
        "categorie": "Craftsman",
        "values": [
            {
                "value": 6,
                "rate": "Not at all"
            },
            {
                "value": 15,
                "rate": "Not very much"
            },
            {
                "value": 9,
                "rate": "Medium"
            },
            {
                "value": 12,
                "rate": "Very much"
            },
            {
                "value": 3,
                "rate": "Tremendously"
            }
        ]
    },
    {
        "categorie": "Inactive",
        "values": [
            {
                "value": 6,
                "rate": "Not at all"
            },
            {
                "value": 6,
                "rate": "Not very much"
            },
            {
                "value": 6,
                "rate": "Medium"
            },
            {
                "value": 2,
                "rate": "Very much"
            },
            {
                "value": 3,
                "rate": "Tremendously"
            }
        ]
    }
]