[{"d_metric": "Hausdarff Distance", "c_method": "PAA", "c_ratio": "0.1", "values": [{"measure": "max", "value": "178.5"}, {"measure": "mean", "value": "26.122166666666672"}]}, {"d_metric": "Angular Difference", "c_method": "PAA", "c_ratio": "0.1", "values": [{"measure": "max", "value": "0.1744866829813083"}, {"measure": "mean", "value": "0.03828620187265399"}]}, {"d_metric": "Volumetric Difference", "c_method": "PAA", "c_ratio": "0.1", "values": [{"measure": "max", "value": "125065.38893701312"}, {"measure": "mean", "value": "16859.295510704756"}]}]